Variable,Description,Type,Value,Label,Pre-Transplant Variable vs Post-Transplant Outcome Variable,"Related to GVHD: Yes/No, Possible, Unknown","Rational for Yes, Possible, Unknown",Linked to Other Variables
age,Age at HCT,Continuous,,,Pre-Transplant Variable,Yes,Older recipients increased risk,
agedx,Age at diagnosis,Continuous,.A,Missing,Pre-Transplant Variable,No,N/A,
sex,Recipient sex,Categorical,1,Male,Pre-Transplant Variable,Yes,Dependent on the sex match with the donor,
,,,2,Female,,,,
ethnicit,Recipient ethnicity,Categorical,.A,Missing,Pre-Transplant Variable,Yes,Polymorphisms in typing may play a role,
,,,1,Hispanic or Latino,,,,
,,,2,Non Hispanic or non-Latino,,,,
,,,3,Non-resident of the U.S.,,,,
racegp,Recipient race,Categorical,.A,Missing,Pre-Transplant Variable,Yes,Polymorphisms in typing may play a role,
,,,1,White,,,,
,,,2,Black or African American,,,,
,,,3,Asian,,,,
,,,4,Native Hawaiian or other Pacific Islander,,,,
,,,5,American Indian or Alaska Native,,,,
,,,7,Other,,,,
,,,8,More than one race,,,,
marstat,Recipient marital status,Categorical,.A,Missing,Pre-Transplant Variable,No,N/A,
,,,.Z,"N/A, TED Track",,,,
,,,1,"Single,never married",,,,
,,,2,Married,,,,
,,,3,Separated,,,,
,,,4,Divorced,,,,
,,,5,Widowed,,,,
curoccup,Current or most recent occupation,Categorical,.A,Missing,Pre-Transplant Variable,No,N/A,
,,,.Z,"N/A, TED Track",,,,
,,,1,"Professional, technical, or related",,,,
,,,2,"Manager, administrator, proprietor",,,,
,,,3,Clerical or related,,,,
,,,4,Sales,,,,
,,,5,Service,,,,
,,,6,Skilled craft or related,,,,
,,,7,Equipment/vehicle operator or related,,,,
,,,8,Laborer,,,,
,,,9,Farmer,,,,
,,,10,Military,,,,
,,,11,Homemaker,,,,
,,,12,Student,,,,
,,,14,Not previously employed,,,,
,,,90,Other,,,,
currwork,Current or most recent work status prior to illness,Categorical,.A,Missing,Pre-Transplant Variable,No,N/A,
,,,.Z,"N/A, TED Track",,,,
,,,1,Full time,,,,
,,,2,Part time,,,,
,,,3,Unemployed,,,,
,,,4,Medical disability,,,,
,,,5,Retired,,,,
higheduc,Highest educational grade the recipient completed,Categorical,.A,Missing,Pre-Transplant Variable,No,N/A,
,,,.Z,"N/A, TED Track",,,,
,,,1,No primary education,,,,
,,,2,Less than primary or elementary education,,,,
,,,3,Primary or elementary educaiton,,,,
,,,4,Lower secondary educaiton,,,,
,,,5,Upper secondary educaiton,,,,
,,,6,"Post-secondary, non-tertiary education",,,,
,,,7,"Tertiary education, Type A",,,,
,,,8,"Tertiary education, Type B",,,,
,,,9,Advanced research qualification,,,,
,,,10,"Tertiary education, Type A or Type B",,,,
medicaid,Government-sponsored Medicaid (U.S.),Categorical,.A,Missing,Pre-Transplant Variable,No,N/A,
,,,.B,No insurance,,,,
,,,.Z,"N/A, TED Track",,,,
,,,0,No,,,,
,,,1,Yes,,,,
medicare,Government-sponsored Medicare (U.S.),Categorical,.A,Missing,Pre-Transplant Variable,No,N/A,
,,,.B,No insurance,,,,
,,,.Z,"N/A, TED Track",,,,
,,,0,No,,,,
,,,1,Yes,,,,
nathi,Government-sponsored National Health Insurance (non U.S.),Categorical,.A,Missing,Pre-Transplant Variable,No,N/A,
,,,.B,No insurance,,,,
,,,.Z,"N/A, TED Track",,,,
,,,0,No,,,,
,,,1,Yes,,,,
vamilhi,Government-sponsored Veteran's Affairs/military,Categorical,.A,Missing,Pre-Transplant Variable,No,N/A,
,,,.B,No insurance,,,,
,,,.Z,"N/A, TED Track",,,,
,,,0,No,,,,
,,,1,Yes,,,,
indgrphi,Private health insurance,Categorical,.A,Missing,Pre-Transplant Variable,No,N/A,
,,,.B,No insurance,,,,
,,,.Z,"N/A, TED Track",,,,
,,,0,No,,,,
,,,1,Yes,,,,
disabil,Employer-sponsored disability insurance,Categorical,.A,Missing,Pre-Transplant Variable,No,N/A,
,,,.B,No insurance,,,,
,,,.Z,"N/A, TED Track",,,,
,,,0,No,,,,
,,,1,Yes,,,,
smokehist,History of cigarette smoking,Categorical,.A,Missing,Pre-Transplant Variable,No,N/A,
,,,.Z,"N/A, TED track",,,,
,,,0,No,,,,
,,,1,Yes,,,,
smokeyr,Smoked cigarettes within the last year,Categorical,.A,Missing,Pre-Transplant Variable,Possible,Increases inflammation,
,,,.Z,"N/A, TED track",,,,
,,,0,No,,,,
,,,1,Yes,,,,
,,,2,No history of smoking,,,,
tumorpr,"Solid tumor, prior",Categorical,.A,Missing,Pre-Transplant Variable,No,N/A,
,,,0,No,,,,
,,,1,Yes,,,,
prehemalig,Prior hematologic malignancy,Categorical,.A,Missing,Pre-Transplant Variable,Unknown,May increase exposure to chemotherapy,
,,,.Z,"N/A, TED track",,,,
,,,0,No,,,,
,,,1,Yes,,,,
r_rhtype,Recipient Rh factor,Categorical,.A,Missing,Pre-Transplant Variable,No,N/A,
,,,.Z,"N/A, TED track",,,,
,,,0,Negative,,,,
,,,1,Positive,,,,
r_abotype,Recipient blood type,Categorical,.A,Missing,Pre-Transplant Variable,Yes,Blood type donor / recipient linked in some studies,
,,,.Z,"N/A, TED track",,,,
,,,1,A,,,,
,,,2,B,,,,
,,,3,AB,,,,
,,,4,O,,,,
hctcigpb,HCT-CI,Categorical,.A,Missing,Pre-Transplant Variable,Possible,Underlying medical conditions may increase risk,958-1003
,,,0,0,,,Group 0-1,
,,,1,1,,,Group 2-3,
,,,2,2,,,Group 4-6+,
,,,3,3,,,,
,,,4,4,,,,
,,,5,5,,,,
,,,6,6+,,,,
rawtpr,Recipient actual weight (kg) at HCT,Continuous,.A,Missing,Pre-Transplant Variable,Possible,Increases inflammation,
rhtpr,Recipient height (cm) at HCT,Continuous,.A,Missing,Pre-Transplant Variable,No,N/A,
wbc_pr,"WBC count prior to HCT, x10^9/L",Continuous,.A,Missing,Pre-Transplant Variable,No,N/A,
,,,.Z,"N/A, TED Track",,,,
plate_pr,"Platelet count prior to HCT, x10^9/L",Continuous,.A,Missing,Pre-Transplant Variable,No,N/A,
,,,.Z,"N/A, TED Track",,,,
hb_pr,"Hemoglobin prior to HCT, g/dL",Continuous,.A,Missing,Pre-Transplant Variable,No,N/A,
,,,.Z,"N/A, TED Track",,,,
ast_pr,"AST prior to HCT, U/L",Continuous,.A,Missing,Pre-Transplant Variable,No,N/A,
,,,.Z,"N/A, TED Track",,,,
bili_pr,"Total serum bilirubin prior to HCT, mg/dL",Continuous,.A,Missing,Pre-Transplant Variable,No,N/A,
,,,.Z,"N/A, TED Track",,,,
ldhpr,"LDH prior to HCT, U/L",Continuous,.A,Missing,Pre-Transplant Variable,No,N/A,
,,,.Z,"N/A, TED Track",,,,
screa_pr,"Serum creatinine prior to HCT, mg/dL",Continuous,.A,Missing,Pre-Transplant Variable,No,N/A,
,,,.Z,"N/A, TED Track",,,,
sfer_pr,"Total serum ferritin prior to HCT, ng/mL",Continuous,.A,Missing,Pre-Transplant Variable,No,N/A,
,,,.Z,"N/A, TED Track",,,,
salb_pr,"Serum albumin prior to HCT, g/dL",Continuous,.A,Missing,Pre-Transplant Variable,No,N/A,
,,,.Z,"N/A, TED Track",,,,
neut1pr,"Neutrophils prior to HCT, %",Continuous,.A,Missing,Pre-Transplant Variable,No,N/A,
,,,.Z,"N/A, TED Track",,,,
lymp1pr,"Lymphocytes prior to HCT, %",Continuous,.A,Missing,Pre-Transplant Variable,No,N/A,
,,,.Z,"N/A, TED Track",,,,
hc1pr,"Hematocrit prior to HCT, %",Continuous,.A,Missing,Pre-Transplant Variable,No,N/A,
,,,.Z,"N/A, TED Track",,,,
rcmvpr,Recipient CMV status,Categorical,.A,Missing,Pre-Transplant Variable,No,N/A,
,,,0,Negative,,,,
,,,1,Positive,,,,
,,,3,Inconclusive,,,,
,,,7,Not tested,,,,
venthxpr,History of mechanical ventilation,Categorical,.A,Missing,Pre-Transplant Variable,No,N/A,
,,,0,No,,,,
,,,1,Yes,,,,
priauto,Prior auto-HCT,Categorical,0,No,Pre-Transplant Variable,No,N/A,
,,,1,Yes,,,,
infntx,Time from fungal infection to HCT (months),Continuous,.A,Missing,Pre-Transplant Variable,No,N/A,
,,,.B,No fungal infection prior to HCT,,,,
,,,.Z,"N/A, TED track",,,,
rhtlvpr,HTLV1 antibody test results,Categorical,.A,Missing,Pre-Transplant Variable,No,N/A,
,,,.Z,"N/A, TED Track",,,,
,,,0,Negative,,,,
,,,1,Positive,,,,
,,,3,Inconclusive,,,,
,,,7,Not tested,,,,
rebvpr,Epstein-Barr antibody test results,Categorical,.A,Missing,Pre-Transplant Variable,No,N/A,
,,,.Z,"N/A, TED Track",,,,
,,,0,Negative,,,,
,,,1,Positive,,,,
,,,3,Inconclusive,,,,
,,,7,Not tested,,,,
rhbsabpr,Hepatitis B surface antibody test results,Categorical,.A,Missing,Pre-Transplant Variable,No,N/A,
,,,.Z,"N/A, TED Track",,,,
,,,0,Negative,,,,
,,,1,Positive,,,,
,,,3,Inconclusive,,,,
,,,7,Not tested,,,,
rhbcabpr,Hepatitis B core antibody test results,Categorical,.A,Missing,Pre-Transplant Variable,No,N/A,
,,,.Z,"N/A, TED Track",,,,
,,,0,Negative,,,,
,,,1,Positive,,,,
,,,3,Inconclusive,,,,
,,,6,Not reported/unable to release info,,,,
,,,7,Not tested,,,,
rhbvagpr,Hepatitis B surface antigen test results,Categorical,.A,Missing,Pre-Transplant Variable,No,N/A,
,,,.Z,"N/A, TED Track",,,,
,,,0,Negative,,,,
,,,1,Positive,,,,
,,,3,Inconclusive,,,,
,,,7,Not tested,,,,
rhbdnapr,Hepatitis B DNA test results,Categorical,.A,Missing,Pre-Transplant Variable,No,N/A,
,,,.Z,"N/A, TED Track",,,,
,,,0,Negative,,,,
,,,1,Positive,,,,
,,,3,Inconclusive,,,,
,,,7,Not tested,,,,
rhcvabpr,Hepatitis C antibody test results,Categorical,.A,Missing,Pre-Transplant Variable,No,N/A,
,,,.Z,"N/A, TED Track",,,,
,,,0,Negative,,,,
,,,1,Positive,,,,
,,,3,Inconclusive,,,,
,,,7,Not tested,,,,
rhcnatpr,Hepatitis C nucleic acid test results,Categorical,.A,Missing,Pre-Transplant Variable,No,N/A,
,,,.Z,"N/A, TED Track",,,,
,,,0,Negative,,,,
,,,1,Positive,,,,
,,,3,Inconclusive,,,,
,,,7,Not tested,,,,
rhavabpr,Hepatitis A antibody test results,Categorical,.A,Missing,Pre-Transplant Variable,No,N/A,
,,,.Z,"N/A, TED Track",,,,
,,,0,Negative,,,,
,,,1,Positive,,,,
,,,3,Inconclusive,,,,
,,,7,Not tested,,,,
rhivpr,HIV antibody test results,Categorical,.A,Missing,Pre-Transplant Variable,No,N/A,
,,,.Z,"N/A, TED Track",,,,
,,,0,Negative,,,,
,,,1,Positive,,,,
,,,3,Inconclusive,,,,
,,,6,Not reported/unable to release info,,,,
,,,7,Not tested,,,,
rhvnatpr,HIV nucleic acid test results,Categorical,.A,Missing,Pre-Transplant Variable,No,N/A,
,,,.Z,"N/A, TED Track",,,,
,,,0,Negative,,,,
,,,1,Positive,,,,
,,,3,Inconclusive,,,,
,,,6,Not reported/unable to release info,,,,
,,,7,Not tested,,,,
rbcinf,RBC transfusion < 30 days before pre-HCT testing,Categorical,.A,Missing,Pre-Transplant Variable,No,N/A,
,,,.Z,"N/A, TED track",,,,
,,,0,No,,,,
,,,1,Yes,,,,
subdis1,Disease subtype,Categorical,3,AML with BCR-ABL1,Pre-Transplant Variable,Possible,Changes treatment before transplant,321-521
,,,4,AML with mutated NPM1,,,"Group into good risk, intermediate risk and poor risk",
,,,5,AML with t(9;11) (p22;q23);MLLT 3-MLL,,,,
,,,6,AML with t(6;9) (p23;q24); DEK-NUP214,,,,
,,,7,AML with inv(3) (q21;q26.2) or t(3;3) (q21;q26.2);RPN1-EVI1,,,,
,,,9,Therapy related AML (t-AML),,,,
,,,54,CMMoL Chronic myelomonocytic leukemia,,,,
,,,280,"AML/ANLL, not otherwise specified",,,,
,,,281,AML with t(8;21)(q22;q22)(AML1/ETO),,,,
,,,282,AML with abnormal BM eosinophils (CBFb/MYH11),,,,
,,,283,APL with t(15;17)(q22;q12)(PML/RARa) and variant (M3),,,,
,,,284,AML with 11q23 (MLL) abnormalities,,,,
,,,285,AML with multi-lineage dysplasia,,,,
,,,286,AML minimally differentiated (M0),,,,
,,,287,AML without maturation (M1),,,,
,,,288,AML with maturation (M2),,,,
,,,289,Acute myelomonocytic leukemia (M4),,,,
,,,290,Acute monoblastic/monocytic leukemia (M5),,,,
,,,291,Acute erythroid leukemia (M6),,,,
,,,292,Acute megakaryoblastic leukemia (M7),,,,
,,,293,Acute basophilic leukemia,,,,
,,,294,Acute panmyelosis with myelofibrosis,,,,
,,,295,Myeloid sarcoma,,,,
,,,296,Blastic Plasmacytoid dendritic cell neoplasm,,,,
,,,297,AML with biallelic mutations of CEBPA,,,,
,,,298,AML with mutated RUNX1,,,,
indxtx,Time from diagnosis to HCT (months),Continuous,.A,Missing,Pre-Transplant Variable,Possible,Time from most recent chemotherapy,
denovo,De novo AML,Categorical,.A,Missing,Pre-Transplant Variable,Possible,Not as much chemotherapy treatment,
,,,0,No,,,,
,,,1,Yes,,,,
priorlk,Antecedent hematological disorder,Categorical,.A,Missing,Pre-Transplant Variable,Possible,Other treatments may increase the risk,
,,,0,No,,,,
,,,1,Yes,,,,
theraml,Therapy linked AML,Categorical,.A,Missing,Pre-Transplant Variable,Possible,Other treatments may increase the risk,
,,,0,No,,,,
,,,1,Yes,,,,
prether,Prior disease for therapy related AML,Categorical,.A,Missing,Pre-Transplant Variable,Possible,Impacts the chemotherapy given,"266, 269"
,,,.B,Not therapy related AML,,,,
,,,.Z,"N/A, TED Track",,,,
,,,1,Hodgkin lymphoma,,,,
,,,2,Non-hodgkin lymphoma,,,,
,,,3,Breast cancer,,,,
,,,7,Other,,,,
l2chemo,Received prior chemotherapy (therapy related AML),Categorical,.A,Missing,Pre-Transplant Variable,Possible,Increases the risk due to treatment,"266, 269"
,,,.Z,"N/A, TED track",,,,
,,,0,No,,,,
,,,1,Yes,,,,
l2rad,Received prior radiation (therapy related AML),Categorical,.A,Missing,Pre-Transplant Variable,Possible,Potentially increases the risk,"266, 269"
,,,.Z,"N/A, TED track",,,,
,,,0,No,,,,
,,,1,Yes,,,,
l2oth,Received other prior treatment (non chemo/rad) (therapy related AML),Categorical,.A,Missing,Pre-Transplant Variable,Possible,Potentially increases the risk,"266, 269"
,,,.Z,"N/A, TED track",,,,
,,,0,No,,,,
,,,1,Yes,,,,
inpredistx,Time from diagnosis of prior disease (not MDS/MPN) to HCT (years),Continuous,.A,Missing,Pre-Transplant Variable,No,N/A,
,,,.B,No prior disease,,,,
,,,.Z,"N/A, TED track",,,,
inprelktx,Time from diagnosis of prior MDS/MPN to HCT (months),Continuous,.A,Missing,Pre-Transplant Variable,No,N/A,
,,,.B,No prior MDS/MPN,,,,
,,,.Z,"N/A, TED track",,,,
mdsubdis,Prior MDS/MPN disease classification,Categorical,.A,Missing,Pre-Transplant Variable,Possible,Potentially impacts prior therapy given,"266, 269"
,,,.B,No prior MDS/MPN,,,"Group 45, 48, 1440 together",
,,,45,"Atypical CML, Ph-, BCR/ABL-",,,"Group 50, 51, 55, 61-66, 1454 together",
,,,48,"Atypical CML, Ph unknown, BCR/ABL-",,,"Group 54, 57, 58, 60, 165, 166, 167, 1464 together",
,,,50,"MDS, unclassifiable",,,"Group 69, 1452 together",
,,,51,RCUD,,,,
,,,54,CMMoL,,,,
,,,55,RARS,,,,
,,,57,Polycythemia vera,,,,
,,,58,Essential thrombocythemia,,,,
,,,60,"MPN, unclassifiable",,,,
,,,61,RAEB-1,,,,
,,,62,RAEB-2,,,,
,,,64,RCMD,,,,
,,,65,RCMD-RS,,,,
,,,66,5q- syndrome,,,,
,,,69,"MDS/MPN, unclassifiable",,,,
,,,165,Chronic neutrophilic leukemia,,,,
,,,166,Chronic eosinophilic leukemia,,,,
,,,167,Primary myelofibrosis,,,,
,,,1440,"Atypical CML, BCR/ABL-",,,,
,,,1452,MDS/MPN-RS=T,,,,
,,,1454,MDS-RS-MLD,,,,
,,,1464,Myeloid/lymphoid neoplasms with PCM1-JAK2,,,,
mono5,Cytogenetic abnormality present before transplant: -5,Categorical,0,No,Pre-Transplant Variable,Unknown,Unknown if disease impacts risk of gvhd,236
,,,1,Yes,,,,
,,,.A,Missing,,,,
,,,.B,Not tested,,,,
,,,.Z,"N/A, TED track <2013",,,,
mono7,Cytogenetic abnormality present before transplant: -7,Categorical,0,No,Pre-Transplant Variable,Unknown,Unknown if disease impacts risk of gvhd,236
,,,1,Yes,,,,
,,,.A,Missing,,,,
,,,.B,Not tested,,,,
,,,.Z,"N/A, TED track <2013",,,,
mono17,Cytogenetic abnormality present before transplant: -17,Categorical,0,No,Pre-Transplant Variable,Unknown,Unknown if disease impacts risk of gvhd,236
,,,1,Yes,,,,
,,,.A,Missing,,,,
,,,.B,Not tested,,,,
,,,.Z,"N/A, TED track <2013",,,,
mono18,Cytogenetic abnormality present before transplant: -18,Categorical,0,No,Pre-Transplant Variable,Unknown,Unknown if disease impacts risk of gvhd,236
,,,1,Yes,,,,
,,,.A,Missing,,,,
,,,.B,Not tested,,,,
,,,.Z,"N/A, TED track <2013",,,,
monox,Cytogenetic abnormality present before transplant: -X,Categorical,0,No,Pre-Transplant Variable,Unknown,Unknown if disease impacts risk of gvhd,236
,,,1,Yes,,,,
,,,.A,Missing,,,,
,,,.B,Not tested,,,,
,,,.Z,"N/A, TED track <2013",,,,
monoy,Cytogenetic abnormality present before transplant: -Y,Categorical,0,No,Pre-Transplant Variable,Unknown,Unknown if disease impacts risk of gvhd,236
,,,1,Yes,,,,
,,,.A,Missing,,,,
,,,.B,Not tested,,,,
,,,.Z,"N/A, TED track <2013",,,,
tris4,Cytogenetic abnormality present before transplant: 4,Categorical,0,No,Pre-Transplant Variable,Unknown,Unknown if disease impacts risk of gvhd,236
,,,1,Yes,,,,
,,,.A,Missing,,,,
,,,.B,Not tested,,,,
,,,.Z,"N/A, TED track <2013",,,,
tris8,Cytogenetic abnormality present before transplant: +8,Categorical,0,No,Pre-Transplant Variable,Unknown,Unknown if disease impacts risk of gvhd,236
,,,1,Yes,,,,
,,,.A,Missing,,,,
,,,.B,Not tested,,,,
,,,.Z,"N/A, TED track <2013",,,,
tris11,Cytogenetic abnormality present before transplant:  +11,Categorical,0,No,Pre-Transplant Variable,Unknown,Unknown if disease impacts risk of gvhd,236
,,,1,Yes,,,,
,,,.A,Missing,,,,
,,,.B,Not tested,,,,
,,,.Z,"N/A, TED track <2013",,,,
tris13,Cytogenetic abnormality present before transplant: +13,Categorical,0,No,Pre-Transplant Variable,Unknown,Unknown if disease impacts risk of gvhd,236
,,,1,Yes,,,,
,,,.A,Missing,,,,
,,,.B,Not tested,,,,
,,,.Z,"N/A, TED track <2013",,,,
tris14,Cytogenetic abnormality present before transplant: +14,Categorical,0,No,Pre-Transplant Variable,Unknown,Unknown if disease impacts risk of gvhd,236
,,,1,Yes,,,,
,,,.A,Missing,,,,
,,,.B,Not tested,,,,
,,,.Z,"N/A, TED track <2013",,,,
tris21,Cytogenetic abnormality present before transplant: +21,Categorical,0,No,Pre-Transplant Variable,Unknown,Unknown if disease impacts risk of gvhd,236
,,,1,Yes,,,,
,,,.A,Missing,,,,
,,,.B,Not tested,,,,
,,,.Z,"N/A, TED track <2013",,,,
tris22,Cytogenetic abnormality present before transplant: +22,Categorical,0,No,Pre-Transplant Variable,Unknown,Unknown if disease impacts risk of gvhd,236
,,,1,Yes,,,,
,,,.A,Missing,,,,
,,,.B,Not tested,,,,
,,,.Z,"N/A, TED track <2013",,,,
t33,Cytogenetic abnormality present before transplant: T(3:3),Categorical,0,No,Pre-Transplant Variable,Unknown,Unknown if disease impacts risk of gvhd,236
,,,1,Yes,,,,
,,,.A,Missing,,,,
,,,.B,Not tested,,,,
,,,.Z,"N/A, TED track <2013",,,,
t69,Cytogenetic abnormality present before transplant: T(6:9),Categorical,0,No,Pre-Transplant Variable,Unknown,Unknown if disease impacts risk of gvhd,236
,,,1,Yes,,,,
,,,.A,Missing,,,,
,,,.B,Not tested,,,,
,,,.Z,"N/A, TED track <2013",,,,
t821,Cytogenetic abnormality present before transplant: T(8:21),Categorical,0,No,Pre-Transplant Variable,Unknown,Unknown if disease impacts risk of gvhd,236
,,,1,Yes,,,,
,,,.A,Missing,,,,
,,,.B,Not tested,,,,
,,,.Z,"N/A, TED track <2013",,,,
t822,Cytogenetic abnormality present before transplant: T(8:22),Categorical,0,No,Pre-Transplant Variable,Unknown,Unknown if disease impacts risk of gvhd,236
,,,1,Yes,,,,
,,,.A,Missing,,,,
,,,.B,Not tested,,,,
,,,.Z,"N/A, TED track <2013",,,,
t911,Cytogenetic abnormality present before transplant: T(9:11),Categorical,0,No,Pre-Transplant Variable,Unknown,Unknown if disease impacts risk of gvhd,236
,,,1,Yes,,,,
,,,.A,Missing,,,,
,,,.B,Not tested,,,,
,,,.Z,"N/A, TED track <2013",,,,
t922,Cytogenetic abnormality present before transplant: T(9:22),Categorical,0,No,Pre-Transplant Variable,Unknown,Unknown if disease impacts risk of gvhd,236
,,,1,Yes,,,,
,,,.A,Missing,,,,
,,,.B,Not tested,,,,
,,,.Z,"N/A, TED track <2013",,,,
t1517,Cytogenetic abnormality present before transplant: T(15:17),Categorical,0,No,Pre-Transplant Variable,Unknown,Unknown if disease impacts risk of gvhd,236
,,,1,Yes,,,,
,,,.A,Missing,,,,
,,,.B,Not tested,,,,
,,,.Z,"N/A, TED track <2013",,,,
t1616,Cytogenetic abnormality present before transplant: T(16:16),Categorical,0,No,Pre-Transplant Variable,Unknown,Unknown if disease impacts risk of gvhd,236
,,,1,Yes,,,,
,,,.A,Missing,,,,
,,,.B,Not tested,,,,
,,,.Z,"N/A, TED track <2013",,,,
del3q,Cytogenetic abnormality present before transplant: 3q-,Categorical,0,No,Pre-Transplant Variable,Unknown,Unknown if disease impacts risk of gvhd,236
,,,1,Yes,,,,
,,,.A,Missing,,,,
,,,.B,Not tested,,,,
,,,.Z,"N/A, TED track <2013",,,,
del5q,Cytogenetic abnormality present before transplant: 5q-,Categorical,0,No,Pre-Transplant Variable,Unknown,Unknown if disease impacts risk of gvhd,236
,,,1,Yes,,,,
,,,.A,Missing,,,,
,,,.B,Not tested,,,,
,,,.Z,"N/A, TED track <2013",,,,
del7q,Cytogenetic abnormality present before transplant: 7q-,Categorical,0,No,Pre-Transplant Variable,Unknown,Unknown if disease impacts risk of gvhd,236
,,,1,Yes,,,,
,,,.A,Missing,,,,
,,,.B,Not tested,,,,
,,,.Z,"N/A, TED track <2013",,,,
del9q,Cytogenetic abnormality present before transplant: 9q-,Categorical,0,No,Pre-Transplant Variable,Unknown,Unknown if disease impacts risk of gvhd,236
,,,1,Yes,,,,
,,,.A,Missing,,,,
,,,.B,Not tested,,,,
,,,.Z,"N/A, TED track <2013",,,,
del11q,Cytogenetic abnormality present before transplant: 11q-,Categorical,0,No,Pre-Transplant Variable,Unknown,Unknown if disease impacts risk of gvhd,236
,,,1,Yes,,,,
,,,.A,Missing,,,,
,,,.B,Not tested,,,,
,,,.Z,"N/A, TED track <2013",,,,
del16q,Cytogenetic abnormality present before transplant: 16q-,Categorical,0,No,Pre-Transplant Variable,Unknown,Unknown if disease impacts risk of gvhd,236
,,,1,Yes,,,,
,,,.A,Missing,,,,
,,,.B,Not tested,,,,
,,,.Z,"N/A, TED track <2013",,,,
del17q,Cytogenetic abnormality present before transplant: 17q-,Categorical,0,No,Pre-Transplant Variable,Unknown,Unknown if disease impacts risk of gvhd,236
,,,1,Yes,,,,
,,,.A,Missing,,,,
,,,.B,Not tested,,,,
,,,.Z,"N/A, TED track <2013",,,,
del20q,Cytogenetic abnormality present before transplant: 20q-,Categorical,0,No,Pre-Transplant Variable,Unknown,Unknown if disease impacts risk of gvhd,236
,,,1,Yes,,,,
,,,.A,Missing,,,,
,,,.B,Not tested,,,,
,,,.Z,"N/A, TED track <2013",,,,
del21q,Cytogenetic abnormality present before transplant: 21q-,Categorical,0,No,Pre-Transplant Variable,Unknown,Unknown if disease impacts risk of gvhd,236
,,,1,Yes,,,,
,,,.A,Missing,,,,
,,,.B,Not tested,,,,
,,,.Z,"N/A, TED track <2013",,,,
inv3,Cytogenetic abnormality present before transplant: Inv(3),Categorical,0,No,Pre-Transplant Variable,Unknown,Unknown if disease impacts risk of gvhd,236
,,,1,Yes,,,,
,,,.A,Missing,,,,
,,,.B,Not tested,,,,
,,,.Z,"N/A, TED track <2013",,,,
inv16,Cytogenetic abnormality present before transplant: Inv(16),Categorical,0,No,Pre-Transplant Variable,Unknown,Unknown if disease impacts risk of gvhd,236
,,,1,Yes,,,,
,,,.A,Missing,,,,
,,,.B,Not tested,,,,
,,,.Z,"N/A, TED track <2013",,,,
ab1123,Cytogenetic abnormality present before transplant: Abnormal 11q23,Categorical,0,No,Pre-Transplant Variable,Unknown,Unknown if disease impacts risk of gvhd,236
,,,1,Yes,,,,
,,,.A,Missing,,,,
,,,.B,Not tested,,,,
,,,.Z,"N/A, TED track <2013",,,,
ab12p,Cytogenetic abnormality present before transplant: Abnormal 12p,Categorical,0,No,Pre-Transplant Variable,Unknown,Unknown if disease impacts risk of gvhd,236
,,,1,Yes,,,,
,,,.A,Missing,,,,
,,,.B,Not tested,,,,
,,,.Z,"N/A, TED track <2013",,,,
mark_cebpa,CEBPA mutation,Categorical,0,Negative,Pre-Transplant Variable,Unknown,Unknown if disease impacts risk of gvhd,236
,,,1,Positive,,,,
,,,2,Test not done,,,,
,,,96,"N/A, data not collected",,,,
,,,99,Missing,,,,
mark_f3d835,FLT3-D835 mutation,Categorical,0,Negative,Pre-Transplant Variable,Unknown,Unknown if disease impacts risk of gvhd,236
,,,1,Positive,,,,
,,,2,Test not done,,,,
,,,96,"N/A, data not collected",,,,
,,,99,Missing,,,,
mark_f3itdm,FLT3-ITD mutation,Categorical,0,Negative,Pre-Transplant Variable,Unknown,Unknown if disease impacts risk of gvhd,236
,,,1,Positive,,,,
,,,2,Test not done,,,,
,,,96,"N/A, data not collected",,,,
,,,99,Missing,,,,
mark_idh1,IDH1 mutation,Categorical,0,Negative,Pre-Transplant Variable,Unknown,Unknown if disease impacts risk of gvhd,236
,,,1,Positive,,,,
,,,2,Test not done,,,,
,,,96,"N/A, data not collected",,,,
,,,99,Missing,,,,
mark_idh2,IDH2 mutation,Categorical,0,Negative,Pre-Transplant Variable,Unknown,Unknown if disease impacts risk of gvhd,236
,,,1,Positive,,,,
,,,2,Test not done,,,,
,,,96,"N/A, data not collected",,,,
,,,99,Missing,,,,
mark_kit,KIT mutation,Categorical,0,Negative,Pre-Transplant Variable,Unknown,Unknown if disease impacts risk of gvhd,236
,,,1,Positive,,,,
,,,2,Test not done,,,,
,,,96,"N/A, data not collected",,,,
,,,99,Missing,,,,
mark_npm1,NPM1 mutation,Categorical,0,Negative,Pre-Transplant Variable,Unknown,Unknown if disease impacts risk of gvhd,236
,,,1,Positive,,,,
,,,2,Test not done,,,,
,,,96,"N/A, data not collected",,,,
,,,99,Missing,,,,
drigp,Refined disease risk index,Categorical,.A,Missing,Pre-Transplant Variable,Possible,Risk status of disease impacts chemotherapy chosen,
,,,1,Low,,,,
,,,2,Intermediate,,,,
,,,2.1,Intermediate - TED AML case <2013 missing cytogenetics,,,,
,,,3,High,,,,
,,,3.1,High - TED AML case <2013 missing cytogenetics,,,,
,,,4,Very high,,,,
alkemdx_crf,Extramedullary disease at diagnosis,Categorical,.A,Missing,Pre-Transplant Variable,No,,
,,,.X,"N/A, TED track",,,,
,,,0,No,,,,
,,,1,Yes,,,,
blbldx,"Blasts in blood at diagnosis, (%)",Continuous,.Z,"N/A, TED track",Pre-Transplant Variable,No,,
blbmdx,"Blasts in marrow at diagnosis, (%)",Continuous,.Z,"N/A, TED track",Pre-Transplant Variable,No,,
alkwbcdxgp10_crf,White blood count at diagnosis,Categorical,.A,Missing,Pre-Transplant Variable,No,,
,,,.E,"N/A, other disease",,,,
,,,.X,"N/A, TED track",,,,
,,,1,<= 10,,,,
,,,2,10 - 100,,,,
,,,3,> 100,,,,
alkemcnsdx_crf,EMD at CNS at diagnosis,Categorical,.A,Missing,Pre-Transplant Variable,No,,
,,,.X,"N/A, TED track",,,,
,,,0,No,,,,
,,,1,Yes,,,,
aldist,Disease status at time of HCT,Categorical,.A,Missing,Pre-Transplant Variable,Possible,More disease higher doses of chemotherapy,
,,,1,PIF,,,,
,,,2,CR1,,,,
,,,3,CR2,,,,
,,,4,>=CR3,,,,
,,,5,Relapse,,,,
alkindxcr1_crf,"Time to achieve CR1, weeks",Continuous,.A,Missing,Pre-Transplant Variable,No,,
,,,.D,"N/A, not in CR1",,,,
,,,.X,"N/A, TED track",,,,
donorgp,Donor type,Categorical,1,HLA-identical sibling,Pre-Transplant Variable,Yes,Known to impact gvhd risk,703
,,,3,Other related,,,,
,,,4,Well-matched unrelated (8/8),,,,
,,,5,Partially-matched unrelated (7/8),,,,
,,,6,Mis-matched unrelated (<= 6/8),,,,
,,,9,Cord blood,,,,
dnrage,"Donor age, years",Continuous,.A,Missing,Pre-Transplant Variable,Yes,Older donor is associated with increased risk,
,,,.B,"N/A, cord blood",,,,
donorsex,Donor sex (1st donor),Categorical,.A,Missing,Pre-Transplant Variable,Yes,Donor recipient sex mismatch associated with increased risk,
,,,1,Male,,,,
,,,2,Female,,,,
donorsex2,Donor sex (2nd donor),Categorical,.A,Missing,Pre-Transplant Variable,Yes,Donor recipient sex mismatch associated with increased risk,
,,,.B,"N/A, single donor",,,,
,,,1,Male,,,,
,,,2,Female,,,,
dnrpregn,Number of donor pregnancies,Continuous,.A,Missing,Pre-Transplant Variable,Yes,Multiple pregnancies increase risk to donor,
,,,.B,"N/A, cord blood or male donor",,,,
,,,.C,Never pregnant,,,,
dnrethni,Donor ethnicity (1st donor),Categorical,.A,Missing,Pre-Transplant Variable,Yes,Polymorphisms in typing may play a role,
,,,.Z,"N/A, TED track",,,,
,,,1,Hispanic or Latino,,,,
,,,2,Non Hispanic or non-Latino,,,,
,,,3,Non-resident of the U.S.,,,,
,,,8,Unknown,,,,
dnrethni2,Donor ethnicity (2nd donor),Categorical,.A,Missing,Pre-Transplant Variable,Yes,Polymorphisms in typing may play a role,
,,,.B,"N/A, single donor",,,,
,,,.Z,"N/A, TED track",,,,
,,,1,Hispanic or Latino,,,,
,,,2,Non Hispanic or non-Latino,,,,
,,,3,Non-resident of the U.S.,,,,
,,,8,Unknown,,,,
dnrracegp,Donor race (1st donor),Categorical,.A,Missing,Pre-Transplant Variable,Yes,Polymorphisms in typing may play a role,
,,,.Z,"N/A, TED track",,,,
,,,1,White,,,,
,,,2,Black or African-American,,,,
,,,3,Asian,,,,
,,,4,Native Hawaiian or other Pacific Islander,,,,
,,,5,American Indian or Alaska Native,,,,
,,,7,Other,,,,
,,,8,More than one race,,,,
,,,9,Cord blood,,,,
dnrracegp2,Donor race (2nd donor),Categorical,.A,Missing,Pre-Transplant Variable,Yes,Polymorphisms in typing may play a role,
,,,.B,"N/A, single donor",,,,
,,,.Z,"N/A, TED track",,,,
,,,1,White,,,,
,,,2,Black or African-American,,,,
,,,3,Asian,,,,
,,,4,Native Hawaiian or other Pacific Islander,,,,
,,,5,American Indian or Alaska Native,,,,
,,,7,Other,,,,
,,,8,More than one race,,,,
,,,9,Cord blood,,,,
d_rhtype,Donor Rh factor (1st donor),Categorical,.A,Missing,Pre-Transplant Variable,No,,
,,,.Z,"N/A, TED track",,,,
,,,0,Negative,,,,
,,,1,Positive,,,,
d_rhtype2,Donor Rh factor (2nd donor),Categorical,.A,Missing,Pre-Transplant Variable,No,,
,,,.B,"N/A, single donor",,,,
,,,.Z,"N/A, TED track",,,,
,,,0,Negative,,,,
,,,1,Positive,,,,
d_abotype,Donor blood type (1st donor),Categorical,.A,Missing,Pre-Transplant Variable,Yes,Blood type difference b/t donor-recipient increases risk,
,,,.Z,"N/A, TED track",,,,
,,,1,A,,,,
,,,2,B,,,,
,,,3,AB,,,,
,,,4,O,,,,
d_abotype2,Donor blood type (2nd donor),Categorical,.A,Missing,Pre-Transplant Variable,Yes,Blood type difference b/t donor-recipient increases risk,
,,,.B,"N/A, single donor",,,,
,,,.Z,"N/A, TED track",,,,
,,,1,A,,,,
,,,2,B,,,,
,,,3,AB,,,,
,,,4,O,,,,
bmtnckg,"Total nucleated cell dose (bone marrow, x 10^8/kg)",Continuous,.A,Missing,Pre-Transplant Variable,No,,
cbtnckg,"Total nucleated cell dose (cord blood, x 10^7/kg)",Continuous,.A,Missing,Pre-Transplant Variable,No,,
pbcd34kg,"CD34+ cell dose (peripheral blood, x 10^6/kg)",Continuous,.A,Missing,Pre-Transplant Variable,Yes,Using peripheral blood increases risk,
bmcd3kg,"CD3+ cells (bone marrow), x10^6/kg",Continuous,.Z,"N/A, TED track",Pre-Transplant Variable,Yes,Increased CD3 cells can increase risk,
,,,.A,Missing,,,,
pbcd3kg,"CD3+ cells (peripheral blood), x10^6/kg",Continuous,.Z,"N/A, TED track",Pre-Transplant Variable,Yes,Increased CD3 cells can increase risk,
,,,.A,Missing,,,,
cbcd3kg,"CD3+ cells (cord blood), x10^6/kg",Continuous,.Z,"N/A, TED track",Pre-Transplant Variable,Yes,Increased CD3 cells can increase risk,
,,,.A,Missing,,,,
condgrp,Reported planned conditioning regimen,Categorical,1,TBI/Cy,Pre-Transplant Variable,Yes,Type of chemotherapy increases risk,Use 666 first and then break it down if signficiant
,,,2,TBI/Cy/Flu,,,Group 1-9 together,
,,,3,TBI/Cy/Flu/TT,,,Group 10-12 together,
,,,4,TBI/Cy/TT,,,Group 13-16 together,
,,,5,TBI/Cy/VP,,,Group 18-19 together,
,,,6,TBI/VP,,,Group 23-24 together,
,,,7,TBI/Mel,,,"25, 26, 27 are extra rarely used",
,,,8,TBI/Flu,,,,
,,,9,TBI/other(s),,,,
,,,10,Bu/Cy/Mel,,,,
,,,11,Bu/Cy,,,,
,,,12,Bu/Mel,,,,
,,,13,Flu/Bu/TT,,,,
,,,14,Flu/Bu,,,,
,,,15,Flu/Mel/TT,,,,
,,,16,Flu/Mel,,,,
,,,18,Cy/Flu,,,,
,,,19,Cy alone,,,,
,,,23,Mel alone,,,,
,,,24,Mel/other(s),,,,
,,,25,Treosulfan,,,,
,,,27,Carb/other(s),,,,
,,,28,TLI,,,,
,,,90,Other(s),,,,
,,,99,Missing,,,,
condint_combo,Computed conditioning intensity,Categorical,1,MAC,Pre-Transplant Variable,Yes,intensity of chemotherapy contributes to risk,641
,,,2,RIC,,,,
,,,3,NMA,,,,
,,,4,RIC/NMA,,,,
,,,99,Missing,,,,
condrpt,Reported planned conditioning intensity (MAC vs. RIC/NMA),Categorical,.A,Missing,Pre-Transplant Variable,No,,
,,,0,RIC/NMA,,,,
,,,1,MAC,,,,
radtrtb,Received radiation,Categorical,.A,Missing,Pre-Transplant Variable,Yes,Radiation can increase risk,"641, 666"
,,,0,No radiation,,,,
,,,1,TBI,,,,
,,,2,TLI,,,,
radose,Total radiation dose (cGy),Continuous,.A,Missing,Pre-Transplant Variable,Yes,More radiation increases the risk,"641, 666, 674"
,,,.B,No radiation,,,,
radnfx,Number of radiation fractions,Continuous,.A,Missing,Pre-Transplant Variable,No,,
,,,.B,No radiation,,,,
,,,.C,Non-fractionated,,,,
,,,.D,Not collected for TED < 2013,,,,
radfxdose,Radiation dose per fraction (cGy),Continuous,.A,Missing,Pre-Transplant Variable,No,,
,,,.B,No radiation,,,,
,,,.C,Non-fractionated,,,,
,,,.D,Not collected for TED < 2013,,,,
lpamgp,Melphalan dose (mg/m^2),Categorical,.A,Missing,Pre-Transplant Variable,Yes,amount of alkylating agent could increase risk,"641, 666"
,,,1,MEL 140,,,,
,,,2,MEL 200,,,,
,,,3,"N/A, Mel not given",,,,
budosegp,Busulfan dose (conditioning),Categorical,.A,Missing,Pre-Transplant Variable,Yes,amount of alkylating agent could increase risk,"641, 666"
,,,1,>= 9 mg/kg oral or >= 7.2 mg/kg IV,,,,
,,,2,"< 9 mg/kg, oral or < 7.2 mg/kg IV",,,,
,,,3,"N/A, busulfan not given",,,,
invivotcd,In-vivo T-cell depletion (ATG/alemtuzumab),Categorical,.A,Missing,Pre-Transplant Variable,Yes,Decreases the risk of gvhd,
,,,0,No,,,,
,,,1,Yes,,,,
blblpr,"Blasts in blood at last evaluation, (%)",Continuous,.Z,"N/A, TED track",Pre-Transplant Variable,No,,
,,,.A,Missing,,,,
blbmpr,"Blasts in bone marrow at last evaluation, (%)",Continuous,.Z,"N/A, TED track",Pre-Transplant Variable,No,,
,,,.A,Missing,,,,
donorgp_hla,HLA match,Categorical,.A,Missing,Pre-Transplant Variable,Yes,HLA typing variations can increase the risk,558
,,,1,8/8,,,,
,,,2,7/8,,,,
,,,3,<=6/8,,,,
,,,4,6/6,,,,
,,,5,5/6,,,,
,,,6,<=4/6,,,,
drsex,Donor/recipient sex match,Categorical,1,M-M,Pre-Transplant Variable,Yes,Donor recipient sex mismatch associated with increased risk,"4, 566"
,,,2,M-F,,,,
,,,3,F-M,,,,
,,,4,F-F,,,,
,,,9.1,CB - recipient M,,,,
,,,9.2,CB - recipient F,,,,
,,,.A,Missing,,,,
graftype,Graft type,Categorical,1,Bone marrow,Pre-Transplant Variable,Yes,Peripheral blood has increased risk,
,,,22,Peripheral blood,,,,
,,,23,Cord blood,,,,
exvivotcd,Received ex-vivo T-cell depletion,Categorical,0,No,Pre-Transplant Variable,Yes,Decreases risk of gvhd,
,,,1,Yes,,,,
,,,99,Missing,,,,
drcmvpr,Donor/recipient CMV serostatus,Categorical,0,+/+,Pre-Transplant Variable,Possible,Infection with CMV can increase risk,
,,,1,+/-,,,,
,,,2,-/+,,,,
,,,3,-/-,,,,
,,,9.1,CB - recipient +,,,,
,,,9.2,CB - recipient -,,,,
,,,9.9,CB - recipient CMV unknown,,,,
,,,.A,Missing,,,,
drabomatch,Donor/recipient ABO match,Categorical,0,Matched,Pre-Transplant Variable,Yes,Blood type difference b/t donor-recipient increases risk,"110, 619, 625"
,,,1,Minor mismatch,,,,
,,,2,Major mismatch,,,,
,,,3,Bi-directional,,,,
,,,9.1,CB - recipient A,,,,
,,,9.2,CB - recipient B,,,,
,,,9.3,CB - recipient AB,,,,
,,,9.4,CB - recipient O,,,,
,,,9.9,CB - recipient ABO unknown,,,,
,,,98,"N/A, TED track",,,,
,,,99,Missing,,,,
gvhdgp_combo,GVHD prophylaxis,Categorical,.A,Missing,Pre-Transplant Variable,Yes,prophylaxis can impact gvhd risk,
,,,1,Ex-vivo T-cell depletion,,,"Group 1,2 together, Group 3.1,3.2 together",
,,,2,CD34 selection,,,"Group 4,8 together, Group 5,9 together",
,,,3.1,Post-CY + other(s),,,"Group 6, 10 together, Gropu 7,11 together",
,,,3.2,Post-CY alone,,,,
,,,4,TAC + MMF +- other(s) (except post-CY),,,,
,,,5,"TAC + MTX +- other(s) (except MMF, post-CY)",,,,
,,,6,"TAC + other(s) (except MMF, MTX, post-CY)",,,,
,,,7,TAC alone,,,,
,,,8,CSA + MMF +- other(s) (except post-CY),,,,
,,,9,"CSA + MTX +- other(s) (except MMF, post-CY)",,,,
,,,10,"CSA + other(s) (except MMF, MTX, post-CY)",,,,
,,,11,CSA alone,,,,
,,,20,Other(s),,,,
agvhd24,Acute GVHD (grade II-IV) occurred post-HCT,Categorical,.A,Missing,Outcome Variable,N/A,,
,,,0,No,,,,
,,,1,Yes,,,,
agvhd34,Acute GVHD (grade III-IV) occurred post-HCT,Categorical,.A,Missing,Outcome Variable,N/A,,
,,,0,No,,,,
,,,1,Yes,,,,
intxagvhd24,"Time from HCT to acute GVHD (grade II-IV), months",Continuous,.A,Missing,Outcome Variable,N/A,,
,,,.B,"N/A, TED < 2017",,,,
intxagvhd34,"Time from HCT to acute GVHD (grade III-IV), months",Continuous,.A,Missing,Outcome Variable,N/A,,
,,,.B,"N/A, TED < 2017",,,,
ahisgut,Acute GVHD evaluated by biopsy - GI,Categorical,0,Negative,Outcome Variable,N/A,,
,,,1,Positive,,,,
,,,2,Suggestive,,,,
,,,3,Inconclusive,,,,
,,,4,Not tested,,,,
,,,97,No acute GVHD,,,,
,,,98,"N/A, TED track",,,,
,,,99,Missing,,,,
ahisliv,Acute GVHD evaluated by biopsy - liver,Categorical,0,Negative,Outcome Variable,N/A,,
,,,1,Positive,,,,
,,,2,Suggestive,,,,
,,,3,Inconclusive,,,,
,,,4,Not tested,,,,
,,,97,No acute GVHD,,,,
,,,98,"N/A, TED track",,,,
,,,99,Missing,,,,
ahislung,Acute GVHD evaluated by biopsy - lung,Categorical,0,Negative,Outcome Variable,N/A,,
,,,1,Positive,,,,
,,,2,Suggestive,,,,
,,,3,Inconclusive,,,,
,,,4,Not tested,,,,
,,,97,No acute GVHD,,,,
,,,98,"N/A, TED track",,,,
,,,99,Missing,,,,
ahiskin,Acute GVHD evaluated by biopsy - skin,Categorical,0,Negative,Outcome Variable,N/A,,
,,,1,Positive,,,,
,,,2,Suggestive,,,,
,,,3,Inconclusive,,,,
,,,4,Not tested,,,,
,,,97,No acute GVHD,,,,
,,,98,"N/A, TED track",,,,
,,,99,Missing,,,,
ahisoth,Acute GVHD evaluated by biopsy - other,Categorical,0,Negative,Outcome Variable,N/A,,
,,,1,Positive,,,,
,,,2,Suggestive,,,,
,,,3,Inconclusive,,,,
,,,4,Not tested,,,,
,,,97,No acute GVHD,,,,
,,,98,"N/A, TED track",,,,
,,,99,Missing,,,,
agvhdgradeb,Maximum grade of acute GVHD,Categorical,.A,Missing,Outcome Variable,N/A,,
,,,.B,No acute GVHD,,,,
,,,0,0,,,,
,,,1,1,,,,
,,,2,2,,,,
,,,3,3,,,,
,,,4,4,,,,
agvhskin,Skin involvement at time of maximum grade of aGVHD,Categorical,0,No involvement,Outcome Variable,N/A,,
,,,1,Stage 0,,,,
,,,2,Stage 1,,,,
,,,3,Stage 2,,,,
,,,4,Stage 3,,,,
,,,5,Stage 4,,,,
,,,97,No acute GVHD,,,,
,,,98,"N/A, TED track",,,,
,,,99,Missing,,,,
agvhliver,Liver involvement at time of maximum grade of aGVHD,Categorical,0,No involvement,Outcome Variable,N/A,,
,,,1,Stage 0,,,,
,,,2,Stage 1,,,,
,,,3,Stage 2,,,,
,,,4,Stage 3,,,,
,,,5,Stage 4,,,,
,,,97,No acute GVHD,,,,
,,,98,"N/A, TED track",,,,
,,,99,Missing,,,,
agvhlgi,Lower GI involvement at time of maximum grade of aGVHD,Categorical,0,No involvement,Outcome Variable,N/A,,
,,,1,Stage 0,,,,
,,,2,Stage 1,,,,
,,,3,Stage 2,,,,
,,,4,Stage 3,,,,
,,,5,Stage 4,,,,
,,,97,No acute GVHD,,,,
,,,98,"N/A, TED track",,,,
,,,99,Missing,,,,
agvhugi,Upper GI involvement at time of maximum grade of aGVHD,Categorical,1,Stage 0,Outcome Variable,N/A,,
,,,2,Stage 1,,,,
,,,97,No acute GVHD,,,,
,,,98,"N/A, TED track",,,,
,,,99,Missing,,,,
cgvhd,Chronic GVHD,Categorical,.A,Missing,Outcome Variable,N/A,,
,,,0,Censoring,,,,
,,,1,Event,,,,
intxcgvhd,"Time from HCT to diagnosis of chronic GVHD, months",Continuous,.A,Missing,Outcome Variable,N/A,,
cgprog,Progression of cGVHD,Categorical,.A,Missing,Outcome Variable,N/A,,
,,,.Z,"N/A, TED track",,,,
,,,0,No chronic GVHD,,,,
,,,1,Progressive,,,,
,,,2,Interrupted,,,,
,,,3,De novo,,,,
cgkps,Karnofsky score at chronic GVHD diagnosis,Categorical,.A,Missing,Outcome Variable,N/A,,
,,,.B,No chronic GVHD,,,,
,,,.Z,"N/A, TED Track",,,,
,,,10,10,,,,
,,,20,20,,,,
,,,30,30,,,,
,,,40,40,,,,
,,,50,50,,,,
,,,60,60,,,,
,,,70,70,,,,
,,,80,80,,,,
,,,90,90,,,,
,,,100,100,,,,
cgplt,"Platelet count at chronic GVHD diagnosis, x10^9/L",Continuous,.A,Missing,Outcome Variable,N/A,,
,,,.B,No chronic GVHD,,,,
,,,.Z,"N/A, TED Track",,,,
cgnihsevb,CGVHD NIH Global Severity,Categorical,.A,Missing,Outcome Variable,N/A,,
,,,.B,"N/A, data not collected",,,,
,,,.Z,"N/A, TED Track",,,,
,,,0,No chronic GVHD,,,,
,,,1,Mild,,,,
,,,2,Moderate,,,,
,,,3,Severe,,,,
cgskin,CGVHD skin involvement,Categorical,0,No,Outcome Variable,N/A,,
,,,1,Yes,,,,
,,,97,No chronic GVHD,,,,
,,,98,"N/A, TED track",,,,
,,,99,Missing,,,,
cgeyes,CGVHD eye involvement,Categorical,0,No,Outcome Variable,N/A,,
,,,1,Yes,,,,
,,,97,No chronic GVHD,,,,
,,,98,"N/A, TED track",,,,
,,,99,Missing,,,,
cgmouth,CGVHD mouth involvement,Categorical,0,No,Outcome Variable,N/A,,
,,,1,Yes,,,,
,,,97,No chronic GVHD,,,,
,,,98,"N/A, TED track",,,,
,,,99,Missing,,,,
cglung,CGVHD lung involvement,Categorical,0,No,Outcome Variable,N/A,,
,,,1,Yes,,,,
,,,97,No chronic GVHD,,,,
,,,98,"N/A, TED track",,,,
,,,99,Missing,,,,
cggi,CGVHD GI involvement,Categorical,0,No,Outcome Variable,N/A,,
,,,1,Yes,,,,
,,,97,No chronic GVHD,,,,
,,,98,"N/A, TED track",,,,
,,,99,Missing,,,,
cgliver,CGVHD liver involvement,Categorical,0,No,Outcome Variable,N/A,,
,,,1,Yes,,,,
,,,97,No chronic GVHD,,,,
,,,98,"N/A, TED track",,,,
,,,99,Missing,,,,
cggu,CGVHD genitourinary involvement,Categorical,0,No,Outcome Variable,N/A,,
,,,1,Yes,,,,
,,,97,No chronic GVHD,,,,
,,,98,"N/A, TED track",,,,
,,,99,Missing,,,,
cgmusculo,CGVHD musculoskeletal involvement,Categorical,0,No,Outcome Variable,N/A,,
,,,1,Yes,,,,
,,,97,No chronic GVHD,,,,
,,,98,"N/A, TED track",,,,
,,,99,Missing,,,,
cghema,CGVHD other hematologic involvement,Categorical,0,No,Outcome Variable,N/A,,
,,,1,Yes,,,,
,,,97,No chronic GVHD,,,,
,,,98,"N/A, TED track",,,,
,,,99,Missing,,,,
cgother,CGVHD other organ involvement,Categorical,0,No,Outcome Variable,N/A,,
,,,1,Yes,,,,
,,,97,No chronic GVHD,,,,
,,,98,"N/A, TED track",,,,
,,,99,Missing,,,,
cgvhdle,Chronic GVHD: limited vs. extensive,Categorical,.A,Missing,Outcome Variable,N/A,,
,,,0,No chronic GVHD,,,,
,,,1,Limited,,,,
,,,2,Extensive,,,,
grfs,"GVHD-free, relapse-free survival (GRFS)",Categorical,.A,Missing,Outcome Variable,N/A,,
,,,.Z,"N/A, TED track",,,,
,,,0,Censoring,,,,
,,,1,Event,,,,
intxgrfs,"Time from HCT to GRFS, months",Continuous,.A,Missing,Outcome Variable,N/A,,
trm,Non-relapse mortality,Categorical,.A,Missing,Outcome Variable,N/A,,
,,,0,Censoring,,,,
,,,1,Event,,,,
intxrel,"Time from HCT to relapse / death, months",Continuous,.A,Missing,Outcome Variable,N/A,,
rel,Relapse,Categorical,.A,Missing,Outcome Variable,N/A,,
,,,0,Censoring,,,,
,,,1,Event,,,,
dwocgvhd,Death without chronic GVHD,Categorical,.A,Missing,Outcome Variable,N/A,,
,,,0,No,,,,
,,,1,Yes,,,,
dwoagvhd24,Death without grade II-IV acute GVHD,Categorical,.A,Missing,Outcome Variable,N/A,,
,,,0,No,,,,
,,,1,Yes,,,,
dwoagvhd34,Death without grade III-IV acute GVHD,Categorical,.A,Missing,Outcome Variable,N/A,,
,,,0,No,,,,
,,,1,Yes,,,,
dummycrid,Patient ID,Continuous,,,,,,
dummyccn,Center ID,Continuous,,,,,,
zipmedian,Median household by zipcode,Continuous,.A,Missing,Pre-Transplant Variable,No,Is part of the HCT-CI,116
,,,.E,"N/A, non-US country",,,,
,,,.Y,"N/A, data not collected",,,,
arrhytpr,Pre-transplant comorbidity: Arrhythmia,Categorical,.A,Missing,Pre-Transplant Variable,No,Is part of the HCT-CI,116
,,,0,No,,,,
,,,1,Yes,,,,
cardiapr,Pre-transplant comorbidity: Cardiac,Categorical,.A,Missing,Pre-Transplant Variable,No,Is part of the HCT-CI,116
,,,0,No,,,,
,,,1,Yes,,,,
cvapr,Pre-transplant comorbidity: Cerebrovascular disease,Categorical,.A,Missing,Pre-Transplant Variable,No,Is part of the HCT-CI,116
,,,0,No,,,,
,,,1,Yes,,,,
diabetpr,Pre-transplant comorbidity: Diabetes,Categorical,.A,Missing,Pre-Transplant Variable,No,Is part of the HCT-CI,116
,,,0,No,,,,
,,,1,Yes,,,,
hvalvepr,Pre-transplant comorbidity: Heart valve disease,Categorical,.A,Missing,Pre-Transplant Variable,No,Is part of the HCT-CI,116
,,,0,No,,,,
,,,1,Yes,,,,
hepmilpr,"Pre-transplant comorbidity: Hepatic, mild",Categorical,.A,Missing,Pre-Transplant Variable,No,Is part of the HCT-CI,116
,,,0,No,,,,
,,,1,Yes,,,,
hepsevpr,"Pre-transplant comorbidity: Hepatic, moderate / severe",Categorical,.A,Missing,Pre-Transplant Variable,No,Is part of the HCT-CI,116
,,,0,No,,,,
,,,1,Yes,,,,
infectpr,Pre-transplant comorbidity: Infection,Categorical,.A,Missing,Pre-Transplant Variable,No,Is part of the HCT-CI,116
,,,0,No,,,,
,,,1,Yes,,,,
bowelpr,Pre-transplant comorbidity: Inflammatory bowel disease,Categorical,.A,Missing,Pre-Transplant Variable,No,Is part of the HCT-CI,116
,,,0,No,,,,
,,,1,Yes,,,,
obesitpr,Pre-transplant comorbidity: Obesity,Categorical,.A,Missing,Pre-Transplant Variable,No,Is part of the HCT-CI,116
,,,0,No,,,,
,,,1,Yes,,,,
pudpr,Pre-transplant comorbidity: Peptic ulcer,Categorical,.A,Missing,Pre-Transplant Variable,No,Is part of the HCT-CI,116
,,,0,No,,,,
,,,1,Yes,,,,
psychipr,Pre-transplant comorbidity: Psychiatric disturbance,Categorical,.A,Missing,Pre-Transplant Variable,No,Is part of the HCT-CI,116
,,,0,No,,,,
,,,1,Yes,,,,
dlco66pr,"Pre-transplant comorbidity: Pulmonary, moderate",Categorical,.A,Missing,Pre-Transplant Variable,No,Is part of the HCT-CI,116
,,,0,No,,,,
,,,1,Yes,,,,
dlco65pr,"Pre-transplant comorbidity: Pulmonary, severe",Categorical,.A,Missing,Pre-Transplant Variable,No,Is part of the HCT-CI,116
,,,0,No,,,,
,,,1,Yes,,,,
renalpr,"Pre-transplant comorbidity: Renal, moderate / severe",Categorical,.A,Missing,Pre-Transplant Variable,No,Is part of the HCT-CI,116
,,,0,No,,,,
,,,1,Yes,,,,
rheumapr,Pre-transplant comorbidity: Rheumatologic,Categorical,.A,Missing,Pre-Transplant Variable,No,Is part of the HCT-CI,116
,,,0,No,,,,
,,,1,Yes,,,,
bmi,Body mass index (BMI),Continuous,.A,Missing,Pre-Transplant Variable,Yes,increased weight can increase inflammation,"124, 125"
mrdpr,MRD at time of HCT (AML/ALL),Categorical,.A,Missing,,,,
,,,0,Negative,,,,
,,,1,Positive,,,,
alktotind_crf,Number of induction lines,Categorical,.A,Missing,Pre-Transplant Variable,Possible,increased number of chemotherapies increase risk,
,,,.X,"N/A, TED track",,,,
,,,1,1,,,,
,,,2,2,,,,
,,,3,3,,,,
,,,4,4,,,,
,,,5,5,,,,
,,,6,6,,,,
alktotcns_crf,Number of consolidation lines,Categorical,.A,Missing,Pre-Transplant Variable,Possible,increased number of chemotherapies increase risk,
,,,.X,"N/A, TED track",,,,
,,,1,1,,,,
,,,2,2,,,,
,,,3,3,,,,
,,,4,4,,,,
cd34sel,CD34 selected,Categorical,.A,Missing,Pre-Transplant Variable,Yes,reduces gvhd risk,742
,,,0,No,,,,
,,,1,Yes,,,,
frzprd,Product was cryopreserved,Categorical,.A,Missing,Pre-Transplant Variable,No,,
,,,.Z,"N/A, TED track",,,,
,,,0,No,,,,
,,,1,Yes,,,,
plvdfbh1,Liver toxicity prophylaxis: Defibrotide,Categorical,.A,Missing,Pre-Transplant Variable,No,,
,,,.B,"N/A, data not collected",,,,
,,,0,No,,,,
,,,1,Yes,,,,
plvnach1,Liver toxicity prophylaxis: N-acetylcysteine,Categorical,.A,Missing,Pre-Transplant Variable,No,,
,,,.B,"N/A, data not collected",,,,
,,,0,No,,,,
,,,1,Yes,,,,
plvtpah1,Liver toxicity prophylaxis: Tissue plasminogen activator (TPA),Categorical,.A,Missing,Pre-Transplant Variable,No,,
,,,.B,"N/A, data not collected",,,,
,,,0,No,,,,
,,,1,Yes,,,,
plvursh1,Liver toxicity prophylaxis: Ursodiol,Categorical,.A,Missing,Pre-Transplant Variable,No,,
,,,.B,"N/A, data not collected",,,,
,,,0,No,,,,
,,,1,Yes,,,,
plvorxh1,Liver toxicity prophylaxis: Other therapy,Categorical,.A,Missing,Pre-Transplant Variable,No,,
,,,.B,"N/A, data not collected",,,,
,,,0,No,,,,
,,,1,Yes,,,,
pamoxih1,Infection prophylaxis: Amoxicillin clavulanate oral,Categorical,.B,"N/A, data not collected",Pre-Transplant Variable,No,,
,,,.Z,"N/A, TED track",,,,
,,,0,No,,,,
,,,1,Yes,,,,
pomnich1,Infection prophylaxis: Cefdinir oral,Categorical,.B,"N/A, data not collected",Pre-Transplant Variable,No,,
,,,.Z,"N/A, TED track",,,,
,,,0,No,,,,
,,,1,Yes,,,,
pvantih1,Infection prophylaxis: Cefpodoxime oral,Categorical,.B,"N/A, data not collected",Pre-Transplant Variable,No,,
,,,.Z,"N/A, TED track",,,,
,,,0,No,,,,
,,,1,Yes,,,,
pciproh1,Infection prophylaxis: Ciprofloxacin IV or oral,Categorical,.B,"N/A, data not collected",Pre-Transplant Variable,No,,
,,,.Z,"N/A, TED track",,,,
,,,0,No,,,,
,,,1,Yes,,,,
pertaph1,Infection prophylaxis: Ertapenem IV,Categorical,.B,"N/A, data not collected",Pre-Transplant Variable,No,,
,,,.Z,"N/A, TED track",,,,
,,,0,No,,,,
,,,1,Yes,,,,
plevaqh1,Infection prophylaxis: Levofloxacin IV or oral,Categorical,.B,"N/A, data not collected",Pre-Transplant Variable,No,,
,,,.Z,"N/A, TED track",,,,
,,,0,No,,,,
,,,1,Yes,,,,
paveloh1,Infection prophylaxis: Moxifloxacin IV or oral,Categorical,.B,"N/A, data not collected",Pre-Transplant Variable,No,,
,,,.Z,"N/A, TED track",,,,
,,,0,No,,,,
,,,1,Yes,,,,
pvancoh1,Infection prophylaxis: Vancomycin IV,Categorical,.B,"N/A, data not collected",Pre-Transplant Variable,No,,
,,,.Z,"N/A, TED track",,,,
,,,0,No,,,,
,,,1,Yes,,,,
poantbh1,Infection prophylaxis: Other antibacterial drug,Categorical,.B,"N/A, data not collected",Pre-Transplant Variable,No,,
,,,.Z,"N/A, TED track",,,,
,,,0,No,,,,
,,,1,Yes,,,,
kps,Karnofsky score,Categorical,0,<90,Pre-Transplant Variable,Possible,Lower performance status,
,,,1,>=90,,,,
,,,99,Missing,,,,
yeartx,Year of HCT,Continuous,,,Pre-Transplant Variable,Possible,Changes in treatment over years,
a_grp_gvh_1,Grouping of HLA-A mismatches in GvH Direction (1st donor),Categorical,1,Fully allele matched,Pre-Transplant Variable,Yes,HLA impacts graft versus host,"558, 703"
,,,2,One allele mismatch,,,,
,,,3,Two allele-level mismatches,,,,
,,,4,One antigen mismatch,,,,
,,,5,One antigen and one allele mismatch,,,,
,,,6,Two antigen-level mismatches,,,,
,,,.A,Missing,,,,
b_grp_gvh_1,Grouping of HLA-B mismatches in GvH Direction (1st donor),Categorical,1,Fully allele matched,Pre-Transplant Variable,Yes,HLA impacts graft versus host,"558, 703"
,,,2,One allele mismatch,,,,
,,,3,Two allele-level mismatches,,,,
,,,4,One antigen mismatch,,,,
,,,5,One antigen and one allele mismatch,,,,
,,,6,Two antigen-level mismatches,,,,
,,,.A,Missing,,,,
c_grp_gvh_1,Grouping of HLA-C mismatches in GvH Direction (1st donor),Categorical,1,Fully allele matched,Pre-Transplant Variable,Yes,HLA impacts graft versus host,"558, 703"
,,,2,One allele mismatch,,,,
,,,3,Two allele-level mismatches,,,,
,,,4,One antigen mismatch,,,,
,,,5,One antigen and one allele mismatch,,,,
,,,6,Two antigen-level mismatches,,,,
,,,.A,Missing,,,,
drb1_grp_gvh_1,Grouping of HLA-DRB1 mismatches in GvH Direction (1st donor),Categorical,1,Fully allele matched,Pre-Transplant Variable,Yes,HLA impacts graft versus host,"558, 703"
,,,2,One allele mismatch,,,,
,,,3,Two allele-level mismatches,,,,
,,,4,One antigen mismatch,,,,
,,,5,One antigen and one allele mismatch,,,,
,,,6,Two antigen-level mismatches,,,,
,,,.A,Missing,,,,
a_grp_hvg_1,Grouping of HLA-A mismatches in HvG Direction (1st donor),Categorical,1,Fully allele matched,Pre-Transplant Variable,Yes,HLA impacts graft versus host,"558, 703"
,,,2,One allele mismatch,,,,
,,,3,Two allele-level mismatches,,,,
,,,4,One antigen mismatch,,,,
,,,5,One antigen and one allele mismatch,,,,
,,,6,Two antigen-level mismatches,,,,
,,,.A,Missing,,,,
b_grp_hvg_1,Grouping of HLA-B mismatches in HvG Direction (1st donor),Categorical,1,Fully allele matched,Pre-Transplant Variable,Yes,HLA impacts graft versus host,"558, 703"
,,,2,One allele mismatch,,,,
,,,3,Two allele-level mismatches,,,,
,,,4,One antigen mismatch,,,,
,,,5,One antigen and one allele mismatch,,,,
,,,6,Two antigen-level mismatches,,,,
,,,.A,Missing,,,,
c_grp_hvg_1,Grouping of HLA-C mismatches in HvG Direction (1st donor),Categorical,1,Fully allele matched,Pre-Transplant Variable,Yes,HLA impacts graft versus host,"558, 703"
,,,2,One allele mismatch,,,,
,,,3,Two allele-level mismatches,,,,
,,,4,One antigen mismatch,,,,
,,,5,One antigen and one allele mismatch,,,,
,,,6,Two antigen-level mismatches,,,,
,,,.A,Missing,,,,
drb1_grp_hvg_1,Grouping of HLA-DRB1 mismatches in HvG Direction (1st donor),Categorical,1,Fully allele matched,Pre-Transplant Variable,Yes,HLA impacts graft versus host,"558, 703"
,,,2,One allele mismatch,,,,
,,,3,Two allele-level mismatches,,,,
,,,4,One antigen mismatch,,,,
,,,5,One antigen and one allele mismatch,,,,
,,,6,Two antigen-level mismatches,,,,
,,,.A,Missing,,,,
a_grp_gvh_2,Grouping of HLA-A mismatches in GvH Direction (2nd donor),Categorical,1,Fully allele matched,Pre-Transplant Variable,Yes,HLA impacts graft versus host,"558, 703"
,,,2,One allele mismatch,,,,
,,,3,Two allele-level mismatches,,,,
,,,4,One antigen mismatch,,,,
,,,5,One antigen and one allele mismatch,,,,
,,,6,Two antigen-level mismatches,,,,
,,,.A,Missing,,,,
,,,.B,Single donor only,,,,
b_grp_gvh_2,Grouping of HLA-B mismatches in GvH Direction (2nd donor),Categorical,1,Fully allele matched,Pre-Transplant Variable,Yes,HLA impacts graft versus host,"558, 703"
,,,2,One allele mismatch,,,,
,,,3,Two allele-level mismatches,,,,
,,,4,One antigen mismatch,,,,
,,,5,One antigen and one allele mismatch,,,,
,,,6,Two antigen-level mismatches,,,,
,,,.A,Missing,,,,
,,,.B,Single donor only,,,,
c_grp_gvh_2,Grouping of HLA-C mismatches in GvH Direction (2nd donor),Categorical,1,Fully allele matched,Pre-Transplant Variable,Yes,HLA impacts graft versus host,"558, 703"
,,,2,One allele mismatch,,,,
,,,3,Two allele-level mismatches,,,,
,,,4,One antigen mismatch,,,,
,,,5,One antigen and one allele mismatch,,,,
,,,6,Two antigen-level mismatches,,,,
,,,.A,Missing,,,,
,,,.B,Single donor only,,,,
drb1_grp_gvh_2,Grouping of HLA-DRB1 mismatches in GvH Direction (2nd donor),Categorical,1,Fully allele matched,Pre-Transplant Variable,Yes,HLA impacts graft versus host,"558, 703"
,,,2,One allele mismatch,,,,
,,,3,Two allele-level mismatches,,,,
,,,4,One antigen mismatch,,,,
,,,5,One antigen and one allele mismatch,,,,
,,,6,Two antigen-level mismatches,,,,
,,,.A,Missing,,,,
,,,.B,Single donor only,,,,
a_grp_hvg_2,Grouping of HLA-A mismatches in HvG Direction (2nd donor),Categorical,1,Fully allele matched,Pre-Transplant Variable,Yes,HLA impacts graft versus host,"558, 703"
,,,2,One allele mismatch,,,,
,,,3,Two allele-level mismatches,,,,
,,,4,One antigen mismatch,,,,
,,,5,One antigen and one allele mismatch,,,,
,,,6,Two antigen-level mismatches,,,,
,,,.A,Missing,,,,
,,,.B,Single donor only,,,,
b_grp_hvg_2,Grouping of HLA-B mismatches in HvG Direction (2nd donor),Categorical,1,Fully allele matched,Pre-Transplant Variable,Yes,HLA impacts graft versus host,"558, 703"
,,,2,One allele mismatch,,,,
,,,3,Two allele-level mismatches,,,,
,,,4,One antigen mismatch,,,,
,,,5,One antigen and one allele mismatch,,,,
,,,6,Two antigen-level mismatches,,,,
,,,.A,Missing,,,,
,,,.B,Single donor only,,,,
c_grp_hvg_2,Grouping of HLA-C mismatches in HvG Direction (2nd donor),Categorical,1,Fully allele matched,Pre-Transplant Variable,Yes,HLA impacts graft versus host,"558, 703"
,,,2,One allele mismatch,,,,
,,,3,Two allele-level mismatches,,,,
,,,4,One antigen mismatch,,,,
,,,5,One antigen and one allele mismatch,,,,
,,,6,Two antigen-level mismatches,,,,
,,,.A,Missing,,,,
,,,.B,Single donor only,,,,
drb1_grp_hvg_2,Grouping of HLA-DRB1 mismatches in HvG Direction (2nd donor),Categorical,1,Fully allele matched,Pre-Transplant Variable,Yes,HLA impacts graft versus host,"558, 703"
,,,2,One allele mismatch,,,,
,,,3,Two allele-level mismatches,,,,
,,,4,One antigen mismatch,,,,
,,,5,One antigen and one allele mismatch,,,,
,,,6,Two antigen-level mismatches,,,,
,,,.A,Missing,,,,
,,,.B,Single donor only,,,,
grpcod,Cause of death,Categorical,0,Alive,Outcome Variable,N/A,,
,,,1,Primary disease,,,,
,,,2,Graft failure,,,,
,,,3,GVHD,,,,
,,,4,Infection,,,,
,,,5,IPn/ARDS,,,,
,,,6,Organ failure,,,,
,,,7,Secondary malignancy,,,,
,,,8,Other cause,,,,
,,,.A,Missing,,,,
pacycvh1,Viral prophylaxis: Acyclovir,Categorical,.A,Missing,Pre-Transplant Variable,No,,
,,,.Z,"N/A, TED track",,,,
,,,0,No,,,,
,,,1,Yes,,,,
pvalcyh1,Viral prophylaxis: Valacyclovir,Categorical,.A,Missing,Pre-Transplant Variable,No,,
,,,.B,"N/A, data not collected",,,,
,,,.Z,"N/A, TED track",,,,
,,,0,No,,,,
,,,1,Yes,,,,
pfamvih1,Viral prophylaxis: Famciclovir,Categorical,.A,Missing,Pre-Transplant Variable,No,,
,,,.B,"N/A, data not collected",,,,
,,,.Z,"N/A, TED track",,,,
,,,0,No,,,,
,,,1,Yes,,,,
pgancih1,Viral prophylaxis: Ganciclovir,Categorical,.A,Missing,Pre-Transplant Variable,No,,
,,,.B,"N/A, data not collected",,,,
,,,.Z,"N/A, TED track",,,,
,,,0,No,,,,
,,,1,Yes,,,,
pvalgah1,Viral prophylaxis: Valganciclovir,Categorical,.A,Missing,Pre-Transplant Variable,No,,
,,,.B,"N/A, data not collected",,,,
,,,.Z,"N/A, TED track",,,,
,,,0,No,,,,
,,,1,Yes,,,,
pcmx00h1,Viral prophylaxis: Brincidofovir,Categorical,.A,Missing,Pre-Transplant Variable,No,,
,,,.B,"N/A, data not collected",,,,
,,,.Z,"N/A, TED track",,,,
,,,0,No,,,,
,,,1,Yes,,,,
paic24h1,Viral prophylaxis: Letermovir,Categorical,.A,Missing,Pre-Transplant Variable,No,,
,,,.B,"N/A, data not collected",,,,
,,,.Z,"N/A, TED track",,,,
,,,0,No,,,,
,,,1,Yes,,,,
poantvh1,Viral prophylaxis: Other,Categorical,.A,Missing,Pre-Transplant Variable,No,,
,,,.B,"N/A, data not collected",,,,
,,,.Z,"N/A, TED track",,,,
,,,0,No,,,,
,,,1,Yes,,,,
cgvhd_is,Chronic GVHD requiring immune suppression,Categorical,.A,Missing,Outcome Variable,N/A,,
,,,.Z,"N/A, TED track",,,,
,,,0,No,,,,
,,,1,Yes,,,,
intxmaxagvhd,"Time from HCT to acute GVHD (maximum grade), months",Continuous,.A,Missing,Outcome Variable,N/A,,
,,,.B,"N/A, data not collected prior to 2017",,,,
chiskin,Chronic GVHD evaluated by biopsy - skin,Categorical,0,Negative,Outcome Variable,N/A,,
,,,1,Positive,,,,
,,,2,Suggestive,,,,
,,,3,Inconclusive,,,,
,,,4,Not tested,,,,
,,,97,No chronic GVHD,,,,
,,,98,"N/A, TED track",,,,
,,,99,Missing,,,,
chislgi,Chronic GVHD evaluated by biopsy - lower GI,Categorical,0,Negative,Outcome Variable,N/A,,
,,,1,Positive,,,,
,,,2,Suggestive,,,,
,,,3,Inconclusive,,,,
,,,4,Not tested,,,,
,,,97,No chronic GVHD,,,,
,,,98,"N/A, TED track",,,,
,,,99,Missing,,,,
chisugi,Chronic GVHD evaluated by biopsy - upper GI,Categorical,0,Negative,Outcome Variable,N/A,,
,,,1,Positive,,,,
,,,2,Suggestive,,,,
,,,3,Inconclusive,,,,
,,,4,Not tested,,,,
,,,97,No chronic GVHD,,,,
,,,98,"N/A, TED track",,,,
,,,99,Missing,,,,
chisliv,Chronic GVHD evaluated by biopsy - liver,Categorical,0,Negative,Outcome Variable,N/A,,
,,,1,Positive,,,,
,,,2,Suggestive,,,,
,,,3,Inconclusive,,,,
,,,4,Not tested,,,,
,,,97,No chronic GVHD,,,,
,,,98,"N/A, TED track",,,,
,,,99,Missing,,,,
chislung,Chronic GVHD evaluated by biopsy - lung,Categorical,0,Negative,Outcome Variable,N/A,,
,,,1,Positive,,,,
,,,2,Suggestive,,,,
,,,3,Inconclusive,,,,
,,,4,Not tested,,,,
,,,97,No chronic GVHD,,,,
,,,98,"N/A, TED track",,,,
,,,99,Missing,,,,
chisoth,Chronic GVHD evaluated by biopsy - other,Categorical,0,Negative,Outcome Variable,N/A,,
,,,1,Positive,,,,
,,,2,Suggestive,,,,
,,,3,Inconclusive,,,,
,,,4,Not tested,,,,
,,,97,No chronic GVHD,,,,
,,,98,"N/A, TED track",,,,
,,,99,Missing,,,,
ctbili_dx,Total serum bilirubin at diagnosis of cGVHD (mg/dl),Continuous,.A,Missing,Outcome Variable,N/A,,
,,,.B,No chronic GVHD,,,,
,,,.C,"N/A, data not collected prior to 2017",,,,
precondsp,Predisposing condition for AML,Categorical,0,None,Pre-Transplant Variable,No,,
,,,1,Fanconi anemia,,,,
,,,2,Bloom syndrome,,,,
,,,3,Down syndrome,,,,
,,,4,Aplastic anemia,,,,
,,,5,Neurofibromatosis type 1,,,,
,,,6,Dyskeratosis congenita,,,,
,,,7,Other condition,,,,
,,,.A,Missing,,,,
intrtendtx,Time from last chemotherapy to HCT (weeks),Continuous,.A,Missing,Pre-Transplant Variable,Possible,Decreased time and closeness to chemotherapy increases risk,
mob_gcsf,Donor received G-CSF,Categorical,0,No,Pre-Transplant Variable,Possible,Mobilization agents increase the risk,"634, 717"
,,,1,Yes,,,,
,,,2,"N/A, NMDP donor",,,,
,,,3,"N/A, cord blood",,,,
,,,.A,Missing,,,,
mob_pgcsf,Donor received pegylated G-CSF,Categorical,0,No,Pre-Transplant Variable,Possible,Mobilization agents increase the risk,"634, 717"
,,,1,Yes,,,,
,,,2,"N/A, NMDP donor",,,,
,,,3,"N/A, cord blood",,,,
,,,.A,Missing,,,,
mob_gmcsf,Donor received GM-CSF,Categorical,0,No,Pre-Transplant Variable,Possible,Mobilization agents increase the risk,"634, 717"
,,,1,Yes,,,,
,,,2,"N/A, NMDP donor",,,,
,,,3,"N/A, cord blood",,,,
,,,.A,Missing,,,,
mob_plrix,Donor received plerixafor,Categorical,0,No,Pre-Transplant Variable,Possible,Mobilization agents increase the risk,"634, 717"
,,,1,Yes,,,,
,,,2,"N/A, NMDP donor",,,,
,,,3,"N/A, cord blood",,,,
,,,.A,Missing,,,,
mob_goth,Donor received other growth/mobilizing factor,Categorical,0,No,Pre-Transplant Variable,Possible,Mobilization agents increase the risk,"634, 717"
,,,1,Yes,,,,
,,,2,"N/A, NMDP donor",,,,
,,,3,"N/A, cord blood",,,,
,,,.A,Missing,,,,
intrath,Received pre-HCT intrathecal therapy,Categorical,.A,Missing,Pre-Transplant Variable,No,,
,,,.Z,"N/A, TED track",,,,
,,,0,No,,,,
,,,1,Yes,,,,
prvvidhi2,Post-HCT maintenance therapy: azacytidine,Categorical,.A,Missing,Outcome Variable,N/A,,
,,,.Z,"N/A, TED track",,,,
,,,0,No,,,,
,,,1,Yes,,,,
prvdechi2,Post-HCT maintenance therapy: decitabine,Categorical,.A,Missing,Outcome Variable,N/A,,
,,,.Z,"N/A, TED track",,,,
,,,0,No,,,,
,,,1,Yes,,,,
prithi2,Post-HCT maintenance therapy: intrathecal therapy,Categorical,.A,Missing,Outcome Variable,N/A,,
,,,.Z,"N/A, TED track",,,,
,,,0,No,,,,
,,,1,Yes,,,,
prvmidohi2,Post-HCT maintenance therapy: midostaurin,Categorical,.A,Missing,Outcome Variable,N/A,,
,,,.Z,"N/A, TED track",,,,
,,,0,No,,,,
,,,1,Yes,,,,
prvsorhi2,Post-HCT maintenance therapy: sorafenib,Categorical,.A,Missing,Outcome Variable,N/A,,
,,,.Z,"N/A, TED track",,,,
,,,0,No,,,,
,,,1,Yes,,,,
prvitohi2,Post-HCT maintenance therapy: other,Categorical,.A,Missing,Outcome Variable,N/A,,
,,,.Z,"N/A, TED track",,,,
,,,0,No,,,,
,,,1,Yes,,,,
intxpostmtn,Time from HCT to start of maintenance therapy (months),Continuous,.A,Missing,Outcome Variable,N/A,,
,,,.B,"N/A, data not collected prior to 2017",,,,
,,,,,,,,
,,,,,,,,
,,,,,,,,
,,,,,,,,
,,,,,,,,
,,,,,,,,
,,,,,,,,
,,,,,,,,
,,,,,,,,
,,,,,,,,
,,,,,,,,
,,,,,,,,
,,,,,,,,
,,,,,,,,
,,,,,,,,
,,,,,,,,
,,,,,,,,
,,,,,,,,
,,,,,,,,
,,,,,,,,
,,,,,,,,
,,,,,,,,
,,,,,,,,
,,,,,,,,
,,,,,,,,
,,,,,,,,
,,,,,,,,
,,,,,,,,
,,,,,,,,
,,,,,,,,
,,,,,,,,
,,,,,,,,
,,,,,,,,
,,,,,,,,
,,,,,,,,
,,,,,,,,
,,,,,,,,
,,,,,,,,
,,,,,,,,
,,,,,,,,
,,,,,,,,
,,,,,,,,
,,,,,,,,
,,,,,,,,
,,,,,,,,
,,,,,,,,
,,,,,,,,
,,,,,,,,
,,,,,,,,
,,,,,,,,
,,,,,,,,
,,,,,,,,
,,,,,,,,
,,,,,,,,
,,,,,,,,
,,,,,,,,
,,,,,,,,
,,,,,,,,
,,,,,,,,
,,,,,,,,
,,,,,,,,
,,,,,,,,
,,,,,,,,
,,,,,,,,
,,,,,,,,
,,,,,,,,
,,,,,,,,
,,,,,,,,
,,,,,,,,
,,,,,,,,
,,,,,,,,
,,,,,,,,
,,,,,,,,
,,,,,,,,
,,,,,,,,
,,,,,,,,
,,,,,,,,
,,,,,,,,
,,,,,,,,
,,,,,,,,
,,,,,,,,
,,,,,,,,
,,,,,,,,
,,,,,,,,
,,,,,,,,
,,,,,,,,
,,,,,,,,
,,,,,,,,
,,,,,,,,
,,,,,,,,
,,,,,,,,
,,,,,,,,
,,,,,,,,
,,,,,,,,
,,,,,,,,
,,,,,,,,
,,,,,,,,
,,,,,,,,
,,,,,,,,
,,,,,,,,
,,,,,,,,
,,,,,,,,
,,,,,,,,
,,,,,,,,
,,,,,,,,
,,,,,,,,
,,,,,,,,
,,,,,,,,
,,,,,,,,
,,,,,,,,
,,,,,,,,
,,,,,,,,
,,,,,,,,
,,,,,,,,
,,,,,,,,
,,,,,,,,
,,,,,,,,
,,,,,,,,
,,,,,,,,
,,,,,,,,
,,,,,,,,
,,,,,,,,
,,,,,,,,
,,,,,,,,
,,,,,,,,
,,,,,,,,
,,,,,,,,
,,,,,,,,
,,,,,,,,
,,,,,,,,
,,,,,,,,
,,,,,,,,
,,,,,,,,
,,,,,,,,
,,,,,,,,
,,,,,,,,
,,,,,,,,
,,,,,,,,
,,,,,,,,
,,,,,,,,
,,,,,,,,
,,,,,,,,
,,,,,,,,
,,,,,,,,
,,,,,,,,
,,,,,,,,
,,,,,,,,
,,,,,,,,
,,,,,,,,
,,,,,,,,
,,,,,,,,
,,,,,,,,
,,,,,,,,
,,,,,,,,
,,,,,,,,
,,,,,,,,
,,,,,,,,
,,,,,,,,
,,,,,,,,
